Sequence	Charge	Mass	Modified sequence	Modification	Protein
AAAAAAAAAAAAAAAGAGAGAK	2	1597.8525	AAAAAAAAAAAAAAAGAGAGAK		
AAAAAAAAAAAAAAAGAGAGAK	3	1598.8598	AAAAAAAAAAAAAAAGAGAGAK		
AAAAAAAAAASGAAIPPLIPPR	3	1901.0956	AAAAAAAAAASGAAIPPLIPPR		
AAAAAAAAAVSR	2	1001.5607	AAAAAAAAAVSR		
AAAAAAAAGAFAGR	2	1147.6087	AAAAAAAAGAFAGR		
AAAAAAAAVPSAGPAGPAPTSAAGR	2	2033.0643	AAAAAAAAVPSAGPAGPAPTSAAGR		
AAAAAAAAVPSAGPAGPAPTSAAGR	3	2034.0716	AAAAAAAAVPSAGPAGPAPTSAAGR		
AAAAAAQSEGDEDRPGER	3	1802.8253	AAAAAAQSEGDEDRPGER		
AAAAAATAPPSPGPAQPGPR	2	1756.9209	AAAAAATAPPSPGPAQPGPR		
AAAAAATAPPSPGPAQPGPR	3	1757.9282	AAAAAATAPPSPGPAQPGPR		
AAAAAATVLLR	2	1028.6331	AAAAAATVLLR		
AAAAADLANR	2	944.5029	AAAAADLANR		
AAAAALSQQQSLQER	2	1572.8209	AAAAALSQQQSLQER		
AAAAASAAGPGGLVAGKEEK	2	1726.9203	AAAAASAAGPGGLVAGKEEK		
AAAAASAAGPGGLVAGKEEK	3	1727.9276	AAAAASAAGPGGLVAGKEEK		
AAAAAWEEPSSGNGTAR	2	1646.7638	AAAAAWEEPSSGNGTAR		
AAAAAWEEPSSGNGTAR	3	1647.7711	AAAAAWEEPSSGNGTAR		
AAAAEPPVIELGAR	2	1365.7605	AAAAEPPVIELGAR		
AAAAFVLANENNIALFK	2	1777.9716	AAAAFVLANENNIALFK		
AAAAGSLDR	2	832.4392	AAAAGSLDR		
AAAANIDEVQK	2	1130.5921	AAAANIDEVQK		
AAAAPAGGNPEQR	2	1210.6044	AAAAPAGGNPEQR		
AAAAPFQTSQASASAPR	2	1632.8209	AAAAPFQTSQASASAPR		
AAAASAAEAGIATTGTEDSDDALLK	2	2321.1223	AAAASAAEAGIATTGTEDSDDALLK		
AAAASAAEAGIATTGTEDSDDALLK	3	2322.1296	AAAASAAEAGIATTGTEDSDDALLK		
AAAASVPNADGLK	2	1185.6343	AAAASVPNADGLK		
AAAATGTIFTFR	2	1227.6601	AAAATGTIFTFR		
AAAAVAPGGLQSTPGR	2	1424.7725	AAAAVAPGGLQSTPGR		
AAAAVEPDVVVK	2	1169.6645	AAAAVEPDVVVK		
AAAAVVAAAAR	2	942.56	AAAAVVAAAAR		
